"","ind_num","ind_abbrev","ind_desc","sic_low","sic_high","sic_desc"
"1","1","1","Food Products",100,199,"Agric production - crops"
"2","1","1","Food Products",200,299,"Agric production - livestock"
"3","1","1","Food Products",700,799,"Agricultural services"
"4","1","1","Food Products",910,919,"Commercial fishing"
"5","1","1","Food Products",2000,2009,"Food and kindred products"
"6","1","1","Food Products",2010,2019,"Meat products"
"7","1","1","Food Products",2020,2029,"Dairy products"
"8","1","1","Food Products",2030,2039,"Canned-preserved fruits-vegs"
"9","1","1","Food Products",2040,2046,"Flour and other grain mill products"
"10","1","1","Food Products",2048,2048,"Prepared feeds for animals"
"11","1","1","Food Products",2050,2059,"Bakery products"
"12","1","1","Food Products",2060,2063,"Sugar and confectionery products"
"13","1","1","Food Products",2064,2068,"Candy and other confectionery"
"14","1","1","Food Products",2070,2079,"Fats and oils"
"15","1","1","Food Products",2086,2086,"Bottled-canned soft drinks"
"16","1","1","Food Products",2087,2087,"Flavoring syrup"
"17","1","1","Food Products",2090,2092,"Misc food preps"
"18","1","1","Food Products",2095,2095,"Roasted coffee"
"19","1","1","Food Products",2096,2096,"Potato chips"
"20","1","1","Food Products",2097,2097,"Manufactured ice"
"21","1","1","Food Products",2098,2099,"Misc food preparations"
"22","10","10","Textiles",2200,2269,"Textile mill products"
"23","10","10","Textiles",2270,2279,"Floor covering mills"
"24","10","10","Textiles",2280,2284,"Yarn and thread mills"
"25","10","10","Textiles",2290,2295,"Misc textile goods"
"26","10","10","Textiles",2297,2297,"Nonwoven fabrics"
"27","10","10","Textiles",2298,2298,"Cordage and twine"
"28","10","10","Textiles",2299,2299,"Misc textile products"
"29","10","10","Textiles",2393,2395,"Textile bags, canvas products"
"30","10","10","Textiles",2397,2399,"Misc textile products"
"31","11","11","Construction and Construction Materials",800,899,"Forestry"
"32","11","11","Construction and Construction Materials",1500,1511,"Build construction - general contractors"
"33","11","11","Construction and Construction Materials",1520,1529,"Gen building contractors - residential"
"34","11","11","Construction and Construction Materials",1530,1539,"Operative builders"
"35","11","11","Construction and Construction Materials",1540,1549,"Gen building contractors - non-residential"
"36","11","11","Construction and Construction Materials",1600,1699,"Heavy Construction - not building contractors"
"37","11","11","Construction and Construction Materials",1700,1799,"Construction - special contractors"
"38","11","11","Construction and Construction Materials",2400,2439,"Lumber and wood products"
"39","11","11","Construction and Construction Materials",2450,2459,"Wood buildings-mobile homes"
"40","11","11","Construction and Construction Materials",2490,2499,"Misc wood products"
"41","11","11","Construction and Construction Materials",2660,2661,"Building paper and board mills"
"42","11","11","Construction and Construction Materials",2950,2952,"Paving & roofing materials"
"43","11","11","Construction and Construction Materials",3200,3200,"Stone, clay, glass, concrete etc"
"44","11","11","Construction and Construction Materials",3210,3211,"Flat glass"
"45","11","11","Construction and Construction Materials",3240,3241,"Cement hydraulic"
"46","11","11","Construction and Construction Materials",3250,3259,"Structural clay prods"
"47","11","11","Construction and Construction Materials",3261,3261,"Vitreous china plumbing fixtures"
"48","11","11","Construction and Construction Materials",3264,3264,"Porcelain electrical supply"
"49","11","11","Construction and Construction Materials",3270,3275,"Concrete gypsum & plaster"
"50","11","11","Construction and Construction Materials",3280,3281,"Cut stone and stone products"
"51","11","11","Construction and Construction Materials",3290,3293,"Abrasive and asbestos products"
"52","11","11","Construction and Construction Materials",3295,3299,"Non-metalic mineral products"
"53","11","11","Construction and Construction Materials",3420,3429,"Handtools and hardware"
"54","11","11","Construction and Construction Materials",3430,3433,"Heating equip & plumbing fix"
"55","11","11","Construction and Construction Materials",3440,3441,"Fabicated struct metal products"
"56","11","11","Construction and Construction Materials",3442,3442,"Metal doors, frames"
"57","11","11","Construction and Construction Materials",3446,3446,"Architectual or ornamental metal work"
"58","11","11","Construction and Construction Materials",3448,3448,"Pre-fab metal buildings"
"59","11","11","Construction and Construction Materials",3449,3449,"Misc structural metal work"
"60","11","11","Construction and Construction Materials",3450,3451,"Screw machine products"
"61","11","11","Construction and Construction Materials",3452,3452,"Bolts, nuts screws"
"62","11","11","Construction and Construction Materials",3490,3499,"Misc fabricated metal products"
"63","11","11","Construction and Construction Materials",3996,3996,"Hard surface floor cover"
"64","12","12","Steel Works Etc",3300,3300,"Primary metal industries"
"65","12","12","Steel Works Etc",3310,3317,"Blast furnaces & steel works"
"66","12","12","Steel Works Etc",3320,3325,"Iron & steel foundries"
"67","12","12","Steel Works Etc",3330,3339,"Prim smelt-refin nonfer metals"
"68","12","12","Steel Works Etc",3340,3341,"Secondary smelt-refin nonfer metals"
"69","12","12","Steel Works Etc",3350,3357,"Rolling & drawing nonferous metals"
"70","12","12","Steel Works Etc",3360,3369,"Non-ferrous foundries and casting"
"71","12","12","Steel Works Etc",3370,3379,"Steel works etc"
"72","12","12","Steel Works Etc",3390,3399,"Misc primary metal products"
"73","13","13","Fabricated Products and Machinery",3400,3400,"Fabricated metal, except machinery and trans eq"
"74","13","13","Fabricated Products and Machinery",3443,3443,"Fabricated plate work"
"75","13","13","Fabricated Products and Machinery",3444,3444,"Sheet metal work"
"76","13","13","Fabricated Products and Machinery",3460,3469,"Metal forgings and stampings"
"77","13","13","Fabricated Products and Machinery",3470,3479,"Coating and engraving"
"78","13","13","Fabricated Products and Machinery",3510,3519,"Engines & turbines"
"79","13","13","Fabricated Products and Machinery",3520,3529,"Farm and garden machinery"
"80","13","13","Fabricated Products and Machinery",3530,3530,"Constr, mining material handling machinery"
"81","13","13","Fabricated Products and Machinery",3531,3531,"Construction machinery"
"82","13","13","Fabricated Products and Machinery",3532,3532,"Mining machinery, except oil field"
"83","13","13","Fabricated Products and Machinery",3533,3533,"Oil field machinery"
"84","13","13","Fabricated Products and Machinery",3534,3534,"Elevators"
"85","13","13","Fabricated Products and Machinery",3535,3535,"Conveyors"
"86","13","13","Fabricated Products and Machinery",3536,3536,"Cranes, hoists"
"87","13","13","Fabricated Products and Machinery",3538,3538,"Machinery"
"88","13","13","Fabricated Products and Machinery",3540,3549,"Metalworking machinery"
"89","13","13","Fabricated Products and Machinery",3550,3559,"Special industry machinery"
"90","13","13","Fabricated Products and Machinery",3560,3569,"General industrial machinery"
"91","13","13","Fabricated Products and Machinery",3580,3580,"Refrig & service ind machines"
"92","13","13","Fabricated Products and Machinery",3581,3581,"Automatic vending machines"
"93","13","13","Fabricated Products and Machinery",3582,3582,"Commercial laundry and drycleaning machines"
"94","13","13","Fabricated Products and Machinery",3585,3585,"Air conditioning, heating, refrid eq"
"95","13","13","Fabricated Products and Machinery",3586,3586,"Measuring and dispensing pumps"
"96","13","13","Fabricated Products and Machinery",3589,3589,"Service industry machinery"
"97","13","13","Fabricated Products and Machinery",3590,3599,"Misc industrial and commercial equipment and mach"
"98","14","14","Electrical Equipment",3600,3600,"Elec mach eq & supply"
"99","14","14","Electrical Equipment",3610,3613,"Elec transmission"
"100","14","14","Electrical Equipment",3620,3621,"Electrical industrial appar"
"101","14","14","Electrical Equipment",3623,3629,"Electrical industrial appar"
"102","14","14","Electrical Equipment",3640,3644,"Electric lighting, wiring"
"103","14","14","Electrical Equipment",3645,3645,"Residential lighting fixtures"
"104","14","14","Electrical Equipment",3646,3646,"Commercial lighting"
"105","14","14","Electrical Equipment",3648,3649,"Lighting equipment"
"106","14","14","Electrical Equipment",3660,3660,"Communication equip"
"107","14","14","Electrical Equipment",3690,3690,"Miscellaneous electrical machinery and equip"
"108","14","14","Electrical Equipment",3691,3692,"Storage batteries"
"109","14","14","Electrical Equipment",3699,3699,"Electrical machinery and equip"
"110","15","15","Automobiles and Trucks",2296,2296,"Tire cord and fabric"
"111","15","15","Automobiles and Trucks",2396,2396,"Auto trim"
"112","15","15","Automobiles and Trucks",3010,3011,"Tires and inner tubes"
"113","15","15","Automobiles and Trucks",3537,3537,"Trucks, tractors, trailers"
"114","15","15","Automobiles and Trucks",3647,3647,"Vehicular lighting"
"115","15","15","Automobiles and Trucks",3694,3694,"Elec eq, internal combustion engines"
"116","15","15","Automobiles and Trucks",3700,3700,"Transportation equipment"
"117","15","15","Automobiles and Trucks",3710,3710,"Motor vehicles and motor vehicle equip"
"118","15","15","Automobiles and Trucks",3711,3711,"Motor vehicles & car bodies"
"119","15","15","Automobiles and Trucks",3713,3713,"Truck & bus bodies"
"120","15","15","Automobiles and Trucks",3714,3714,"Motor vehicle parts"
"121","15","15","Automobiles and Trucks",3715,3715,"Truck trailers"
"122","15","15","Automobiles and Trucks",3716,3716,"Motor homes"
"123","15","15","Automobiles and Trucks",3792,3792,"Travel trailers and campers"
"124","15","15","Automobiles and Trucks",3790,3791,"Misc trans equip"
"125","15","15","Automobiles and Trucks",3799,3799,"Misc trans equip"
"126","16","16","Aircraft, ships, and railroad equipment",3720,3720,"Aircraft & parts"
"127","16","16","Aircraft, ships, and railroad equipment",3721,3721,"Aircraft"
"128","16","16","Aircraft, ships, and railroad equipment",3723,3724,"Aircraft engines, engine parts"
"129","16","16","Aircraft, ships, and railroad equipment",3725,3725,"Aircraft parts"
"130","16","16","Aircraft, ships, and railroad equipment",3728,3729,"Aircraft parts"
"131","16","16","Aircraft, ships, and railroad equipment",3730,3731,"Ship building and repair"
"132","16","16","Aircraft, ships, and railroad equipment",3740,3743,"Railroad Equipment"
"133","17","17","Precious Metals, Non-Metallic, and Industrial Metal Mining",1000,1009,"Metal mining"
"134","17","17","Precious Metals, Non-Metallic, and Industrial Metal Mining",1010,1019,"Iron ores"
"135","17","17","Precious Metals, Non-Metallic, and Industrial Metal Mining",1020,1029,"Copper ores"
"136","17","17","Precious Metals, Non-Metallic, and Industrial Metal Mining",1030,1039,"Lead and zinc ores"
"137","17","17","Precious Metals, Non-Metallic, and Industrial Metal Mining",1040,1049,"Gold & silver ores"
"138","17","17","Precious Metals, Non-Metallic, and Industrial Metal Mining",1050,1059,"Bauxite and other aluminum ores"
"139","17","17","Precious Metals, Non-Metallic, and Industrial Metal Mining",1060,1069,"Ferroalloy ores"
"140","17","17","Precious Metals, Non-Metallic, and Industrial Metal Mining",1070,1079,"Mining"
"141","17","17","Precious Metals, Non-Metallic, and Industrial Metal Mining",1080,1089,"Mining services"
"142","17","17","Precious Metals, Non-Metallic, and Industrial Metal Mining",1090,1099,"Misc metal ores"
"143","17","17","Precious Metals, Non-Metallic, and Industrial Metal Mining",1100,1119,"Anthracite mining"
"144","17","17","Precious Metals, Non-Metallic, and Industrial Metal Mining",1400,1499,"Mining and quarrying non-metalic minerals"
"145","18","18","Coal",1200,1299,"Bituminous coal"
"146","19","19","Petroleum and Natural Gas",1300,1300,"Oil and gas extraction"
"147","19","19","Petroleum and Natural Gas",1310,1319,"Crude petroleum & natural gas"
"148","19","19","Petroleum and Natural Gas",1320,1329,"Natural gas liquids"
"149","19","19","Petroleum and Natural Gas",1330,1339,"Petroleum and natural gas"
"150","19","19","Petroleum and Natural Gas",1370,1379,"Petroleum and natural gas"
"151","19","19","Petroleum and Natural Gas",1380,1380,"Oil and gas field services"
"152","19","19","Petroleum and Natural Gas",1381,1381,"Drilling oil & gas wells"
"153","19","19","Petroleum and Natural Gas",1382,1382,"Oil-gas field exploration"
"154","19","19","Petroleum and Natural Gas",1389,1389,"Oil and gas field services"
"155","19","19","Petroleum and Natural Gas",2900,2912,"Petroleum refining"
"156","19","19","Petroleum and Natural Gas",2990,2999,"Misc petroleum products"
"157","2","2","Beer & Liquor",2080,2080,"Beverages"
"158","2","2","Beer & Liquor",2082,2082,"Malt beverages"
"159","2","2","Beer & Liquor",2083,2083,"Malt"
"160","2","2","Beer & Liquor",2084,2084,"Wine"
"161","2","2","Beer & Liquor",2085,2085,"Distilled and blended liquors"
"162","20","20","Utilities",4900,4900,"Electric, gas, sanitary services"
"163","20","20","Utilities",4910,4911,"Electric services"
"164","20","20","Utilities",4920,4922,"Natural gas transmission"
"165","20","20","Utilities",4923,4923,"Natural gas transmission-distr"
"166","20","20","Utilities",4924,4925,"Natural gas distribution"
"167","20","20","Utilities",4930,4931,"Electric and other services combined"
"168","20","20","Utilities",4932,4932,"Gas and other services combined"
"169","20","20","Utilities",4939,4939,"Combination utilities"
"170","20","20","Utilities",4940,4942,"Water supply"
"171","21","21","Communication",4800,4800,"Communications"
"172","21","21","Communication",4810,4813,"Telephone communications"
"173","21","21","Communication",4820,4822,"Telegraph and other message communication"
"174","21","21","Communication",4830,4839,"Radio-TV Broadcasters"
"175","21","21","Communication",4840,4841,"Cable and other pay TV services"
"176","21","21","Communication",4880,4889,"Communications"
"177","21","21","Communication",4890,4890,"Communication services (Comsat)"
"178","21","21","Communication",4891,4891,"Cable TV operators"
"179","21","21","Communication",4892,4892,"Telephone interconnect"
"180","21","21","Communication",4899,4899,"Communication services"
"181","22","22","Personal and Business Services",7020,7021,"Rooming and boarding houses"
"182","22","22","Personal and Business Services",7030,7033,"Camps and recreational vehicle parks"
"183","22","22","Personal and Business Services",7200,7200,"Services - personal"
"184","22","22","Personal and Business Services",7210,7212,"Services - laundry, cleaners"
"185","22","22","Personal and Business Services",7214,7214,"Services - diaper service"
"186","22","22","Personal and Business Services",7215,7216,"Services - coin-op cleaners, dry cleaners"
"187","22","22","Personal and Business Services",7217,7217,"Services - carpet, upholstery cleaning"
"188","22","22","Personal and Business Services",7218,7218,"Services - industrial launderers"
"189","22","22","Personal and Business Services",7219,7219,"Services - laundry, cleaners"
"190","22","22","Personal and Business Services",7220,7221,"Services - photo studios, portrait"
"191","22","22","Personal and Business Services",7230,7231,"Services - beauty shops"
"192","22","22","Personal and Business Services",7240,7241,"Services - barber shops"
"193","22","22","Personal and Business Services",7250,7251,"Services - shoe repair"
"194","22","22","Personal and Business Services",7260,7269,"Services - funeral"
"195","22","22","Personal and Business Services",7270,7290,"Services - misc"
"196","22","22","Personal and Business Services",7291,7291,"Services - tax return"
"197","22","22","Personal and Business Services",7292,7299,"Services - misc"
"198","22","22","Personal and Business Services",7300,7300,"Services - business services"
"199","22","22","Personal and Business Services",7310,7319,"Services - advertising"
"200","22","22","Personal and Business Services",7320,7329,"Services - credit reporting agencies, collection services"
"201","22","22","Personal and Business Services",7330,7339,"Services - mailing, reproduction, commercial art"
"202","22","22","Personal and Business Services",7340,7342,"Services - services to dwellings, other buildings"
"203","22","22","Personal and Business Services",7349,7349,"Services - cleaning and builging maint"
"204","22","22","Personal and Business Services",7350,7351,"Services - misc equip rental and leasing"
"205","22","22","Personal and Business Services",7352,7352,"Services - medical equip rental"
"206","22","22","Personal and Business Services",7353,7353,"Services - heavy construction equip rental"
"207","22","22","Personal and Business Services",7359,7359,"Services - equip rental and leasing"
"208","22","22","Personal and Business Services",7360,7369,"Services - personnel supply services"
"209","22","22","Personal and Business Services",7370,7372,"Services - computer programming and data processing"
"210","22","22","Personal and Business Services",7374,7374,"Services - computer processing, data prep"
"211","22","22","Personal and Business Services",7375,7375,"Services - information retrieval services"
"212","22","22","Personal and Business Services",7376,7376,"Services - computer facilities management service"
"213","22","22","Personal and Business Services",7377,7377,"Services - computer rental and leasing"
"214","22","22","Personal and Business Services",7378,7378,"Services - computer maintanence and repair"
"215","22","22","Personal and Business Services",7379,7379,"Services - computer related services"
"216","22","22","Personal and Business Services",7380,7380,"Services - misc business services"
"217","22","22","Personal and Business Services",7381,7382,"Services - security"
"218","22","22","Personal and Business Services",7383,7383,"Services - news syndicates"
"219","22","22","Personal and Business Services",7384,7384,"Services - photofinishing labs"
"220","22","22","Personal and Business Services",7385,7385,"Services - telephone interconnections"
"221","22","22","Personal and Business Services",7389,7390,"Services - misc business services"
"222","22","22","Personal and Business Services",7391,7391,"Services - R&D labs"
"223","22","22","Personal and Business Services",7392,7392,"Services - management consulting & P.R."
"224","22","22","Personal and Business Services",7393,7393,"Services - detective and protective (ADT)"
"225","22","22","Personal and Business Services",7394,7394,"Services - equipment rental & leasing"
"226","22","22","Personal and Business Services",7395,7395,"Services - photofinishing labs (School pictures)"
"227","22","22","Personal and Business Services",7396,7396,"Services - trading stamp services"
"228","22","22","Personal and Business Services",7397,7397,"Services - commercial testing labs"
"229","22","22","Personal and Business Services",7399,7399,"Services - business services"
"230","22","22","Personal and Business Services",7500,7500,"Services - auto repair, services"
"231","22","22","Personal and Business Services",7510,7519,"Services - truck, auto, trailer rental and leasing"
"232","22","22","Personal and Business Services",7520,7529,"Services - automobile parking"
"233","22","22","Personal and Business Services",7530,7539,"Services - auto repair shops"
"234","22","22","Personal and Business Services",7540,7549,"Services - auto services, except repair (car washes)"
"235","22","22","Personal and Business Services",7600,7600,"Services - Misc repair services"
"236","22","22","Personal and Business Services",7620,7620,"Services - Electrical repair shops"
"237","22","22","Personal and Business Services",7622,7622,"Services - Radio and TV repair shops"
"238","22","22","Personal and Business Services",7623,7623,"Services - Refridg and air conditioner repair"
"239","22","22","Personal and Business Services",7629,7629,"Services - Electrical repair shops"
"240","22","22","Personal and Business Services",7630,7631,"Services - Watch, clock and jewelry repair"
"241","22","22","Personal and Business Services",7640,7641,"Services - Reupholster, furniture repair"
"242","22","22","Personal and Business Services",7690,7699,"Services - Misc repair shops"
"243","22","22","Personal and Business Services",8100,8199,"Services - legal"
"244","22","22","Personal and Business Services",8200,8299,"Services - educational"
"245","22","22","Personal and Business Services",8300,8399,"Services - social services"
"246","22","22","Personal and Business Services",8400,8499,"Services - museums, galleries, botanic gardens"
"247","22","22","Personal and Business Services",8600,8699,"Services - membership organizations"
"248","22","22","Personal and Business Services",8700,8700,"Services - engineering, accounting, research, management"
"249","22","22","Personal and Business Services",8710,8713,"Services - engineering, accounting, surveying"
"250","22","22","Personal and Business Services",8720,8721,"Services - accounting, auditing, bookkeeping"
"251","22","22","Personal and Business Services",8730,8734,"Services - research, development, testing labs"
"252","22","22","Personal and Business Services",8740,8748,"Services - management, public relations, consulting"
"253","22","22","Personal and Business Services",8800,8899,"Services - private households"
"254","22","22","Personal and Business Services",8900,8910,"Services - misc"
"255","22","22","Personal and Business Services",8911,8911,"Services - engineering & architect"
"256","22","22","Personal and Business Services",8920,8999,"Services - misc"
"257","23","23","Business Equipment",3570,3579,"Office computers"
"258","23","23","Business Equipment",3622,3622,"Industrial controls"
"259","23","23","Business Equipment",3661,3661,"Telephone and telegraph apparatus"
"260","23","23","Business Equipment",3662,3662,"Communications equipment"
"261","23","23","Business Equipment",3663,3663,"Radio TV comm equip & apparatus"
"262","23","23","Business Equipment",3664,3664,"Search, navigation, guidance systems"
"263","23","23","Business Equipment",3665,3665,"Training equipment & simulators"
"264","23","23","Business Equipment",3666,3666,"Alarm & signaling products"
"265","23","23","Business Equipment",3669,3669,"Communication equipment"
"266","23","23","Business Equipment",3670,3679,"Electronic components"
"267","23","23","Business Equipment",3680,3680,"Computers"
"268","23","23","Business Equipment",3681,3681,"Computers - mini"
"269","23","23","Business Equipment",3682,3682,"Computers - mainframe"
"270","23","23","Business Equipment",3683,3683,"Computers - terminals"
"271","23","23","Business Equipment",3684,3684,"Computers - disk & tape drives"
"272","23","23","Business Equipment",3685,3685,"Computers - optical scanners"
"273","23","23","Business Equipment",3686,3686,"Computers - graphics"
"274","23","23","Business Equipment",3687,3687,"Computers - office automation systems"
"275","23","23","Business Equipment",3688,3688,"Computers - peripherals"
"276","23","23","Business Equipment",3689,3689,"Computers - equipment"
"277","23","23","Business Equipment",3695,3695,"Magnetic and optical recording media"
"278","23","23","Business Equipment",3810,3810,"Search, detection, navigation, guidance"
"279","23","23","Business Equipment",3811,3811,"Engr lab and research equipment"
"280","23","23","Business Equipment",3812,3812,"Search, detection, navigation, guidance"
"281","23","23","Business Equipment",3820,3820,"Measuring and controlling equipment"
"282","23","23","Business Equipment",3821,3821,"Lab apparatus and furniture"
"283","23","23","Business Equipment",3822,3822,"Automatic controls - Envir and applic"
"284","23","23","Business Equipment",3823,3823,"Industrial measurement instru"
"285","23","23","Business Equipment",3824,3824,"Totalizing fluid meters"
"286","23","23","Business Equipment",3825,3825,"Elec meas & test instr"
"287","23","23","Business Equipment",3826,3826,"Lab analytical instruments"
"288","23","23","Business Equipment",3827,3827,"Optical instr and lenses"
"289","23","23","Business Equipment",3829,3829,"Meas and control devices"
"290","23","23","Business Equipment",3830,3839,"Optical instr and lenses"
"291","23","23","Business Equipment",7373,7373,"Computer integrated systems design"
"292","24","24","Business Supplies and Shipping Containers",2440,2449,"Wood containers"
"293","24","24","Business Supplies and Shipping Containers",2520,2549,"Office furniture and fixtures"
"294","24","24","Business Supplies and Shipping Containers",2600,2639,"Paper and allied products"
"295","24","24","Business Supplies and Shipping Containers",2640,2659,"Paperboard containers, boxes, drums, tubs"
"296","24","24","Business Supplies and Shipping Containers",2670,2699,"Paper and allied products"
"297","24","24","Business Supplies and Shipping Containers",2760,2761,"Manifold business forms"
"298","24","24","Business Supplies and Shipping Containers",3220,3221,"Glass containers"
"299","24","24","Business Supplies and Shipping Containers",3410,3412,"Metal cans and shipping containers"
"300","24","24","Business Supplies and Shipping Containers",3950,3955,"Pens pencils and office supplies"
"301","25","25","Transportation",4000,4013,"Railroads-line haul"
"302","25","25","Transportation",4040,4049,"Railway express service"
"303","25","25","Transportation",4100,4100,"Transit and passenger trans"
"304","25","25","Transportation",4110,4119,"Local passenger trans"
"305","25","25","Transportation",4120,4121,"Taxicabs"
"306","25","25","Transportation",4130,4131,"Intercity bus trans (Greyhound)"
"307","25","25","Transportation",4140,4142,"Bus charter"
"308","25","25","Transportation",4150,4151,"School buses"
"309","25","25","Transportation",4170,4173,"Motor vehicle terminals, service facilities"
"310","25","25","Transportation",4190,4199,"Misc transit and passenger transportation"
"311","25","25","Transportation",4200,4200,"Motor freight trans, warehousing"
"312","25","25","Transportation",4210,4219,"Trucking"
"313","25","25","Transportation",4220,4229,"Warehousing and storage"
"314","25","25","Transportation",4230,4231,"Terminal facilities - motor freight"
"315","25","25","Transportation",4240,4249,"Transportation"
"316","25","25","Transportation",4400,4499,"Water transport"
"317","25","25","Transportation",4500,4599,"Air transportation"
"318","25","25","Transportation",4600,4699,"Pipelines, except natural gas"
"319","25","25","Transportation",4700,4700,"Transportation services"
"320","25","25","Transportation",4710,4712,"Freight forwarding"
"321","25","25","Transportation",4720,4729,"Travel agencies, etc"
"322","25","25","Transportation",4730,4739,"Arrange trans - freight and cargo"
"323","25","25","Transportation",4740,4749,"Rental of railroad cars"
"324","25","25","Transportation",4780,4780,"Misc services incidental to trans"
"325","25","25","Transportation",4782,4782,"Inspection and weighing services"
"326","25","25","Transportation",4783,4783,"Packing and crating"
"327","25","25","Transportation",4784,4784,"Fixed facilities for vehicles, not elsewhere classified"
"328","25","25","Transportation",4785,4785,"Motor vehicle inspection"
"329","25","25","Transportation",4789,4789,"Transportation services"
"330","26","26","Wholesale",5000,5000,"Wholesale - durable goods"
"331","26","26","Wholesale",5010,5015,"Wholesale - autos and parts"
"332","26","26","Wholesale",5020,5023,"Wholesale - furniture and home furnishings"
"333","26","26","Wholesale",5030,5039,"Wholesale - lumber and construction materials"
"334","26","26","Wholesale",5040,5042,"Wholesale - professional and commercial equipment and supplies"
"335","26","26","Wholesale",5043,5043,"Wholesale - photographic equipment"
"336","26","26","Wholesale",5044,5044,"Wholesale - office equipment"
"337","26","26","Wholesale",5045,5045,"Wholesale - computers"
"338","26","26","Wholesale",5046,5046,"Wholesale - commerical equip"
"339","26","26","Wholesale",5047,5047,"Wholesale - medical, dental equip"
"340","26","26","Wholesale",5048,5048,"Wholesale - ophthalmic goods"
"341","26","26","Wholesale",5049,5049,"Wholesale - professional equip and supplies"
"342","26","26","Wholesale",5050,5059,"Wholesale - metals and minerals"
"343","26","26","Wholesale",5060,5060,"Wholesale - electrical goods"
"344","26","26","Wholesale",5063,5063,"Wholesale - electrical apparatus and equipment"
"345","26","26","Wholesale",5064,5064,"Wholesale - electrical appliance TV and radio"
"346","26","26","Wholesale",5065,5065,"Wholesale - electronic parts"
"347","26","26","Wholesale",5070,5078,"Wholesale - hardware, plumbing, heating equip"
"348","26","26","Wholesale",5080,5080,"Wholesale - machinery and equipment"
"349","26","26","Wholesale",5081,5081,"Wholesale - machinery and equipment (?)"
"350","26","26","Wholesale",5082,5082,"Wholesale - construction and mining equipment"
"351","26","26","Wholesale",5083,5083,"Wholesale - farm and garden machinery"
"352","26","26","Wholesale",5084,5084,"Wholesale - industrial machinery and equipment"
"353","26","26","Wholesale",5085,5085,"Wholesale - industrial supplies"
"354","26","26","Wholesale",5086,5087,"Wholesale - machinery and equipment (?)"
"355","26","26","Wholesale",5088,5088,"Wholesale - trans eq except motor vehicles"
"356","26","26","Wholesale",5090,5090,"Wholesale - misc durable goods"
"357","26","26","Wholesale",5091,5092,"Wholesale - sporting goods, toys"
"358","26","26","Wholesale",5093,5093,"Wholesale - scrap and waste materials"
"359","26","26","Wholesale",5094,5094,"Wholesale - jewelry and watches"
"360","26","26","Wholesale",5099,5099,"Wholesale - durable goods"
"361","26","26","Wholesale",5100,5100,"Wholesale - nondurable goods"
"362","26","26","Wholesale",5110,5113,"Wholesale - paper and paper products"
"363","26","26","Wholesale",5120,5122,"Wholesale - drugs & propietary"
"364","26","26","Wholesale",5130,5139,"Wholesale - apparel"
"365","26","26","Wholesale",5140,5149,"Wholesale - groceries & related prods"
"366","26","26","Wholesale",5150,5159,"Wholesale - farm products"
"367","26","26","Wholesale",5160,5169,"Wholesale - chemicals & allied prods"
"368","26","26","Wholesale",5170,5172,"Wholesale - petroleum and petro prods"
"369","26","26","Wholesale",5180,5182,"Wholesale - beer, wine"
"370","26","26","Wholesale",5190,5199,"Wholesale - non-durable goods"
"371","27","27","Retail",5200,5200,"Retail - bldg material, hardware, garden"
"372","27","27","Retail",5210,5219,"Retail - lumber & other building mat"
"373","27","27","Retail",5220,5229,"Retail"
"374","27","27","Retail",5230,5231,"Retail - paint, glass, wallpaper"
"375","27","27","Retail",5250,5251,"Retail - hardward stores"
"376","27","27","Retail",5260,5261,"Retail - nurseries, lawn, garden stores"
"377","27","27","Retail",5270,5271,"Retail - mobile home dealers"
"378","27","27","Retail",5300,5300,"Retail - general merchandise stores"
"379","27","27","Retail",5310,5311,"Retail - department stores"
"380","27","27","Retail",5320,5320,"Retail - general merchandise stores (?)"
"381","27","27","Retail",5330,5331,"Retail - variety stores"
"382","27","27","Retail",5334,5334,"Retail - catalog showroom"
"383","27","27","Retail",5340,5349,"Retail"
"384","27","27","Retail",5390,5399,"Retail - Misc general merchandise stores"
"385","27","27","Retail",5400,5400,"Retail - food stores"
"386","27","27","Retail",5410,5411,"Retail - grocery stores"
"387","27","27","Retail",5412,5412,"Retail - convenience stores"
"388","27","27","Retail",5420,5429,"Retail - meat, fish mkt"
"389","27","27","Retail",5430,5439,"Retail - fruite and vegatable markets"
"390","27","27","Retail",5440,5449,"Retail - candy, nut, confectionary stores"
"391","27","27","Retail",5450,5459,"Retail - dairy product stores"
"392","27","27","Retail",5460,5469,"Retail - bakeries"
"393","27","27","Retail",5490,5499,"Retail - miscellaneous food stores"
"394","27","27","Retail",5500,5500,"Retail - auto dealers and gas stations"
"395","27","27","Retail",5510,5529,"Retail - auto dealers"
"396","27","27","Retail",5530,5539,"Retail - auto and home supply stores"
"397","27","27","Retail",5540,5549,"Retail - gasoline service stations"
"398","27","27","Retail",5550,5559,"Retail - boat dealers"
"399","27","27","Retail",5560,5569,"Retail - recreational vehicle dealers"
"400","27","27","Retail",5570,5579,"Retail - motorcycle dealers"
"401","27","27","Retail",5590,5599,"Retail - automotive dealers"
"402","27","27","Retail",5600,5699,"Retail - apparel & acces"
"403","27","27","Retail",5700,5700,"Retail - home furniture and equipment stores"
"404","27","27","Retail",5710,5719,"Retail - home furnishings stores"
"405","27","27","Retail",5720,5722,"Retail - household appliance stores"
"406","27","27","Retail",5730,5733,"Retail - radio, TV and consumer electronic stores"
"407","27","27","Retail",5734,5734,"Retail - computer and computer software stores"
"408","27","27","Retail",5735,5735,"Retail - record and tape stores"
"409","27","27","Retail",5736,5736,"Retail - musical instrument stores"
"410","27","27","Retail",5750,5799,"Retail"
"411","27","27","Retail",5900,5900,"Retail - misc"
"412","27","27","Retail",5910,5912,"Retail - drug & proprietary stores"
"413","27","27","Retail",5920,5929,"Retail - liquor stores"
"414","27","27","Retail",5930,5932,"Retail - used merchandise stores"
"415","27","27","Retail",5940,5940,"Retail - misc"
"416","27","27","Retail",5941,5941,"Retail - sporting goods stores, bike shops"
"417","27","27","Retail",5942,5942,"Retail - book stores"
"418","27","27","Retail",5943,5943,"Retail - stationery stores"
"419","27","27","Retail",5944,5944,"Retail - jewelry stores"
"420","27","27","Retail",5945,5945,"Retail - hobby, toy and game shops"
"421","27","27","Retail",5946,5946,"Retail - camera and photo shop"
"422","27","27","Retail",5947,5947,"Retail - gift, novelty"
"423","27","27","Retail",5948,5948,"Retail - luggage"
"424","27","27","Retail",5949,5949,"Retail - sewing & needlework stores"
"425","27","27","Retail",5950,5959,"Retail"
"426","27","27","Retail",5960,5969,"Retail - non-store retailers (catalogs, etc)"
"427","27","27","Retail",5970,5979,"Retail"
"428","27","27","Retail",5980,5989,"Retail - fuel & ice stores (Penn Central Co)"
"429","27","27","Retail",5990,5990,"Retail - retail stores"
"430","27","27","Retail",5992,5992,"Retail - florists"
"431","27","27","Retail",5993,5993,"Retail - tobacco stores"
"432","27","27","Retail",5994,5994,"Retail - newsdealers"
"433","27","27","Retail",5995,5995,"Retail - computer stores"
"434","27","27","Retail",5999,5999,"Retail stores"
"435","28","28","Restaraunts, Hotels, Motels",5800,5819,"Retail - eating places"
"436","28","28","Restaraunts, Hotels, Motels",5820,5829,"Restaraunts, hotels, motels"
"437","28","28","Restaraunts, Hotels, Motels",5890,5899,"Eating and drinking places"
"438","28","28","Restaraunts, Hotels, Motels",7000,7000,"Hotels, other lodging places"
"439","28","28","Restaraunts, Hotels, Motels",7010,7019,"Hotels motels"
"440","28","28","Restaraunts, Hotels, Motels",7040,7049,"Membership hotels and lodging"
"441","28","28","Restaraunts, Hotels, Motels",7213,7213,"Services - linen"
"442","29","29","Banking, Insurance, Real Estate, Trading",6000,6000,"Depository institutions"
"443","29","29","Banking, Insurance, Real Estate, Trading",6010,6019,"Federal reserve banks"
"444","29","29","Banking, Insurance, Real Estate, Trading",6020,6020,"Commercial banks"
"445","29","29","Banking, Insurance, Real Estate, Trading",6021,6021,"National commercial banks"
"446","29","29","Banking, Insurance, Real Estate, Trading",6022,6022,"State banks - Fed Res System"
"447","29","29","Banking, Insurance, Real Estate, Trading",6023,6024,"State banks - not Fed Res System"
"448","29","29","Banking, Insurance, Real Estate, Trading",6025,6025,"National banks - Fed Res System"
"449","29","29","Banking, Insurance, Real Estate, Trading",6026,6026,"National banks - not Fed Res System"
"450","29","29","Banking, Insurance, Real Estate, Trading",6027,6027,"National banks, not FDIC"
"451","29","29","Banking, Insurance, Real Estate, Trading",6028,6029,"Banks"
"452","29","29","Banking, Insurance, Real Estate, Trading",6030,6036,"Savings institutions"
"453","29","29","Banking, Insurance, Real Estate, Trading",6040,6059,"Banks (?)"
"454","29","29","Banking, Insurance, Real Estate, Trading",6060,6062,"Credit unions"
"455","29","29","Banking, Insurance, Real Estate, Trading",6080,6082,"Foreign banks"
"456","29","29","Banking, Insurance, Real Estate, Trading",6090,6099,"Functions related to deposit banking"
"457","29","29","Banking, Insurance, Real Estate, Trading",6100,6100,"Nondepository credit institutions"
"458","29","29","Banking, Insurance, Real Estate, Trading",6110,6111,"Federal credit agencies"
"459","29","29","Banking, Insurance, Real Estate, Trading",6112,6113,"FNMA"
"460","29","29","Banking, Insurance, Real Estate, Trading",6120,6129,"S&Ls"
"461","29","29","Banking, Insurance, Real Estate, Trading",6130,6139,"Agricultural credit institutions"
"462","29","29","Banking, Insurance, Real Estate, Trading",6140,6149,"Personal credit institutions (Beneficial)"
"463","29","29","Banking, Insurance, Real Estate, Trading",6150,6159,"Business credit institutions"
"464","29","29","Banking, Insurance, Real Estate, Trading",6160,6169,"Mortgage bankers"
"465","29","29","Banking, Insurance, Real Estate, Trading",6170,6179,"Finance lessors"
"466","29","29","Banking, Insurance, Real Estate, Trading",6190,6199,"Financial services"
"467","29","29","Banking, Insurance, Real Estate, Trading",6200,6299,"Security and commodity brokers"
"468","29","29","Banking, Insurance, Real Estate, Trading",6300,6300,"Insurance"
"469","29","29","Banking, Insurance, Real Estate, Trading",6310,6319,"Life insurance"
"470","29","29","Banking, Insurance, Real Estate, Trading",6320,6329,"Accident and health insurance"
"471","29","29","Banking, Insurance, Real Estate, Trading",6330,6331,"Fire, marine, property-casualty ins"
"472","29","29","Banking, Insurance, Real Estate, Trading",6350,6351,"Surety insurance"
"473","29","29","Banking, Insurance, Real Estate, Trading",6360,6361,"Title insurance"
"474","29","29","Banking, Insurance, Real Estate, Trading",6370,6379,"Pension, health, welfare funds"
"475","29","29","Banking, Insurance, Real Estate, Trading",6390,6399,"Insurance carriers"
"476","29","29","Banking, Insurance, Real Estate, Trading",6400,6411,"Insurance agents"
"477","29","29","Banking, Insurance, Real Estate, Trading",6500,6500,"Real estate"
"478","29","29","Banking, Insurance, Real Estate, Trading",6510,6510,"Real estate operators"
"479","29","29","Banking, Insurance, Real Estate, Trading",6512,6512,"Operators - non-resident buildings"
"480","29","29","Banking, Insurance, Real Estate, Trading",6513,6513,"Operators - apartment buildings"
"481","29","29","Banking, Insurance, Real Estate, Trading",6514,6514,"Operators - other than apartment"
"482","29","29","Banking, Insurance, Real Estate, Trading",6515,6515,"Operators - residential mobile home"
"483","29","29","Banking, Insurance, Real Estate, Trading",6517,6519,"Lessors of real property"
"484","29","29","Banking, Insurance, Real Estate, Trading",6520,6529,"Real estate"
"485","29","29","Banking, Insurance, Real Estate, Trading",6530,6531,"Real estate agents and managers"
"486","29","29","Banking, Insurance, Real Estate, Trading",6532,6532,"Real estate dealers"
"487","29","29","Banking, Insurance, Real Estate, Trading",6540,6541,"Title abstract offices"
"488","29","29","Banking, Insurance, Real Estate, Trading",6550,6553,"Real estate developers"
"489","29","29","Banking, Insurance, Real Estate, Trading",6590,6599,"Real estate"
"490","29","29","Banking, Insurance, Real Estate, Trading",6610,6611,"Combined real estate, insurance, etc"
"491","29","29","Banking, Insurance, Real Estate, Trading",6700,6700,"Holding, other investment offices"
"492","29","29","Banking, Insurance, Real Estate, Trading",6710,6719,"Holding offices"
"493","29","29","Banking, Insurance, Real Estate, Trading",6720,6722,"Investment offices"
"494","29","29","Banking, Insurance, Real Estate, Trading",6723,6723,"Management investment, closed-end"
"495","29","29","Banking, Insurance, Real Estate, Trading",6724,6724,"Unit investment trusts"
"496","29","29","Banking, Insurance, Real Estate, Trading",6725,6725,"Face-amount certificate offices"
"497","29","29","Banking, Insurance, Real Estate, Trading",6726,6726,"Unit inv trusts, closed-end"
"498","29","29","Banking, Insurance, Real Estate, Trading",6730,6733,"Trusts"
"499","29","29","Banking, Insurance, Real Estate, Trading",6740,6779,"Investment offices"
"500","29","29","Banking, Insurance, Real Estate, Trading",6790,6791,"Miscellaneous investing"
"501","29","29","Banking, Insurance, Real Estate, Trading",6792,6792,"Oil royalty traders"
"502","29","29","Banking, Insurance, Real Estate, Trading",6793,6793,"Commodity traders"
"503","29","29","Banking, Insurance, Real Estate, Trading",6794,6794,"Patent owners & lessors"
"504","29","29","Banking, Insurance, Real Estate, Trading",6795,6795,"Mineral royalty traders"
"505","29","29","Banking, Insurance, Real Estate, Trading",6798,6798,"REIT"
"506","29","29","Banking, Insurance, Real Estate, Trading",6799,6799,"Investors, NEC"
"507","3","3","Tobacco Products",2100,2199,"Tobacco products"
"508","30","30","Everything Else",4950,4959,"Sanitary services"
"509","30","30","Everything Else",4960,4961,"Steam, air conditioning supplies"
"510","30","30","Everything Else",4970,4971,"Irrigation systems"
"511","30","30","Everything Else",4990,4991,"Cogeneration - SM power producer"
"512","4","4","Recreation",920,999,"Fishing, hunting & trapping"
"513","4","4","Recreation",3650,3651,"Household audio visual equip"
"514","4","4","Recreation",3652,3652,"Phonographic records"
"515","4","4","Recreation",3732,3732,"Boat building and repair"
"516","4","4","Recreation",3930,3931,"Musical instruments"
"517","4","4","Recreation",3940,3949,"Toys"
"518","4","4","Recreation",7800,7829,"Services - motion picture production and distribution"
"519","4","4","Recreation",7830,7833,"Services - motion picture theatres"
"520","4","4","Recreation",7840,7841,"Services - video rental"
"521","4","4","Recreation",7900,7900,"Services - amusement and recreation"
"522","4","4","Recreation",7910,7911,"Services - dance studios"
"523","4","4","Recreation",7920,7929,"Services - bands, entertainers"
"524","4","4","Recreation",7930,7933,"Services - bowling centers"
"525","4","4","Recreation",7940,7949,"Services - professional sports"
"526","4","4","Recreation",7980,7980,"Amusement and recreation services (?)"
"527","4","4","Recreation",7990,7999,"Services - misc entertainment"
"528","5","5","Printing and Publishing",2700,2709,"Printing publishing and allied"
"529","5","5","Printing and Publishing",2710,2719,"Newspapers: publishing-printing"
"530","5","5","Printing and Publishing",2720,2729,"Periodicals: publishing-printing"
"531","5","5","Printing and Publishing",2730,2739,"Books: publishing-printing"
"532","5","5","Printing and Publishing",2740,2749,"Misc publishing"
"533","5","5","Printing and Publishing",2750,2759,"Commercial printing"
"534","5","5","Printing and Publishing",2770,2771,"Greeting card publishing"
"535","5","5","Printing and Publishing",2780,2789,"Book binding"
"536","5","5","Printing and Publishing",2790,2799,"Service industries for print trade"
"537","5","5","Printing and Publishing",3993,3993,"Signs, advertising specialty"
"538","6","6","Consumer Goods",2047,2047,"Dog and cat food"
"539","6","6","Consumer Goods",2391,2392,"Curtains, home furnishings"
"540","6","6","Consumer Goods",2510,2519,"Household furniture"
"541","6","6","Consumer Goods",2590,2599,"Misc furniture and fixtures"
"542","6","6","Consumer Goods",2840,2843,"Soap & other detergents"
"543","6","6","Consumer Goods",2844,2844,"Perfumes cosmetics"
"544","6","6","Consumer Goods",3160,3161,"Luggage"
"545","6","6","Consumer Goods",3170,3171,"Handbags and purses"
"546","6","6","Consumer Goods",3172,3172,"Personal leather goods, except handbags"
"547","6","6","Consumer Goods",3190,3199,"Leather goods"
"548","6","6","Consumer Goods",3229,3229,"Pressed and blown glass"
"549","6","6","Consumer Goods",3260,3260,"Pottery and related products"
"550","6","6","Consumer Goods",3262,3263,"China and earthenware table articles"
"551","6","6","Consumer Goods",3269,3269,"Pottery products"
"552","6","6","Consumer Goods",3230,3231,"Glass products"
"553","6","6","Consumer Goods",3630,3639,"Household appliances"
"554","6","6","Consumer Goods",3750,3751,"Motorcycles, bicycles and parts  (Harley & Huffy)"
"555","6","6","Consumer Goods",3800,3800,"Misc inst, photo goods, watches"
"556","6","6","Consumer Goods",3860,3861,"Photographic equip  (Kodak etc, but also Xerox)"
"557","6","6","Consumer Goods",3870,3873,"Watches clocks and parts"
"558","6","6","Consumer Goods",3910,3911,"Jewelry-precious metals"
"559","6","6","Consumer Goods",3914,3914,"Silverware"
"560","6","6","Consumer Goods",3915,3915,"Jewelers' findings, materials"
"561","6","6","Consumer Goods",3960,3962,"Costume jewelry and notions"
"562","6","6","Consumer Goods",3991,3991,"Brooms and brushes"
"563","6","6","Consumer Goods",3995,3995,"Burial caskets"
"564","7","7","Apparel",2300,2390,"Apparel and other finished products"
"565","7","7","Apparel",3020,3021,"Rubber and plastics footwear"
"566","7","7","Apparel",3100,3111,"Leather tanning and finishing"
"567","7","7","Apparel",3130,3131,"Boot, shoe cut stock, findings"
"568","7","7","Apparel",3140,3149,"Footware except rubber"
"569","7","7","Apparel",3150,3151,"Leather gloves and mittens"
"570","7","7","Apparel",3963,3965,"Fasteners, buttons, needles, pins"
"571","8","8","Healthcare, Medical Equipment, Pharmaceutical Products",2830,2830,"Drugs"
"572","8","8","Healthcare, Medical Equipment, Pharmaceutical Products",2831,2831,"Biological products"
"573","8","8","Healthcare, Medical Equipment, Pharmaceutical Products",2833,2833,"Medicinal chemicals"
"574","8","8","Healthcare, Medical Equipment, Pharmaceutical Products",2834,2834,"Pharmaceutical preparations"
"575","8","8","Healthcare, Medical Equipment, Pharmaceutical Products",2835,2835,"In vitro, in vivo diagnostics"
"576","8","8","Healthcare, Medical Equipment, Pharmaceutical Products",2836,2836,"Biological products, except diagnostics"
"577","8","8","Healthcare, Medical Equipment, Pharmaceutical Products",3693,3693,"X-ray, electromedical app"
"578","8","8","Healthcare, Medical Equipment, Pharmaceutical Products",3840,3849,"Surg & med instru"
"579","8","8","Healthcare, Medical Equipment, Pharmaceutical Products",3850,3851,"Ophthalmic goods"
"580","8","8","Healthcare, Medical Equipment, Pharmaceutical Products",8000,8099,"Services - health"
"581","9","9","Chemicals",2800,2809,"Chemicals and allied products"
"582","9","9","Chemicals",2810,2819,"Industrial inorganical chems"
"583","9","9","Chemicals",2820,2829,"Plastic material & synthetic resin"
"584","9","9","Chemicals",2850,2859,"Paints"
"585","9","9","Chemicals",2860,2869,"Industrial organic chems"
"586","9","9","Chemicals",2870,2879,"Agriculture chemicals"
"587","9","9","Chemicals",2890,2899,"Misc chemical products"
